filename_x,minx,miny,maxx,maxy,west,south,east,north,join_key,filename_y,time1,time2
1111002,14.815407,12.192891,14.905014,12.289329,14.815407,12.192891,14.905014,12.289329,1111002,1111002,2020-06-23 04:46:21+00:00,2020-06-23 04:46:46+00:00
1111002,14.815407,12.192891,14.905014,12.289329,14.815407,12.192891,14.905014,12.289329,1111002,1111002,2020-07-05 04:46:22+00:00,2020-07-05 04:46:47+00:00
1111002,14.815407,12.192891,14.905014,12.289329,14.815407,12.192891,14.905014,12.289329,1111002,1111002,2020-09-15 04:46:26+00:00,2020-09-15 04:46:51+00:00
1111003,43.114643,11.506267,43.197556,11.626008,43.114643,11.506267,43.197556,11.626008,1111003,1111003,2019-11-09 03:00:27+00:00,2019-11-09 03:00:52+00:00
1111003,43.114643,11.506267,43.197556,11.626008,43.114643,11.506267,43.197556,11.626008,1111003,1111003,2019-11-15 02:59:38+00:00,2019-11-15 03:00:07+00:00
1111003,43.114643,11.506267,43.197556,11.626008,43.114643,11.506267,43.197556,11.626008,1111003,1111003,2019-11-27 02:59:37+00:00,2019-11-27 03:00:07+00:00
1111004,-97.487183,28.248747,-95.526123,30.019165,-97.487183,28.248747,-95.526123,30.019165,1111004,1111004,2017-07-24 00:26:18+00:00,2017-07-24 00:26:43+00:00
1111004,-97.487183,28.248747,-95.526123,30.019165,-97.487183,28.248747,-95.526123,30.019165,1111004,1111004,2017-08-05 00:26:19+00:00,2017-08-05 00:26:44+00:00
1111004,-97.487183,28.248747,-95.526123,30.019165,-97.487183,28.248747,-95.526123,30.019165,1111004,1111004,2017-08-29 00:26:20+00:00,2017-08-29 00:26:45+00:00
1111005,48.106384,-17.942155,48.654327,-17.28902,48.106384,-17.942155,48.654327,-17.28902,1111005,1111005,2019-11-15 02:19:00+00:00,2019-11-15 02:19:25+00:00
1111005,48.106384,-17.942155,48.654327,-17.28902,48.106384,-17.942155,48.654327,-17.28902,1111005,1111005,2019-11-27 02:19:00+00:00,2019-11-27 02:19:25+00:00
1111005,48.106384,-17.942155,48.654327,-17.28902,48.106384,-17.942155,48.654327,-17.28902,1111005,1111005,2020-01-26 02:18:57+00:00,2020-01-26 02:19:22+00:00
1111006,46.424789,-16.624997,46.845703,-16.023242,46.424789,-16.624997,46.845703,-16.023242,1111006,1111006,2019-12-02 02:27:05+00:00,2019-12-02 02:27:30+00:00
1111006,46.424789,-16.624997,46.845703,-16.023242,46.424789,-16.624997,46.845703,-16.023242,1111006,1111006,2020-01-19 02:27:03+00:00,2020-01-19 02:27:28+00:00
1111006,46.424789,-16.624997,46.845703,-16.023242,46.424789,-16.624997,46.845703,-16.023242,1111006,1111006,2020-01-31 02:27:03+00:00,2020-01-31 02:27:28+00:00
1111007,84.938049,25.13253,86.319297,25.953722,84.938049,25.13253,86.319297,25.953722,1111007,1111007,2019-07-20 00:11:51+00:00,2019-07-20 00:12:16+00:00
1111007,84.938049,25.13253,86.319297,25.953722,84.938049,25.13253,86.319297,25.953722,1111007,1111007,2019-07-20 00:12:16+00:00,2019-07-20 00:12:41+00:00
1111007,84.938049,25.13253,86.319297,25.953722,84.938049,25.13253,86.319297,25.953722,1111007,1111007,2019-08-01 00:11:51+00:00,2019-08-01 00:12:16+00:00
1111007,84.938049,25.13253,86.319297,25.953722,84.938049,25.13253,86.319297,25.953722,1111007,1111007,2019-08-01 00:12:16+00:00,2019-08-01 00:12:41+00:00
1111007,84.938049,25.13253,86.319297,25.953722,84.938049,25.13253,86.319297,25.953722,1111007,1111007,2019-09-18 00:11:54+00:00,2019-09-18 00:12:19+00:00
1111007,84.938049,25.13253,86.319297,25.953722,84.938049,25.13253,86.319297,25.953722,1111007,1111007,2019-09-18 00:12:19+00:00,2019-09-18 00:12:44+00:00
1111008,-83.61248,13.977715,-83.434296,14.183513,-83.61248,13.977715,-83.434296,14.183513,1111008,1111008,2018-04-17 11:21:08+00:00,2018-04-17 11:21:37+00:00
1111008,-83.61248,13.977715,-83.434296,14.183513,-83.61248,13.977715,-83.434296,14.183513,1111008,1111008,2018-04-17 11:21:37+00:00,2018-04-17 11:22:02+00:00
1111008,-83.61248,13.977715,-83.434296,14.183513,-83.61248,13.977715,-83.434296,14.183513,1111008,1111008,2018-10-14 11:21:17+00:00,2018-10-14 11:21:46+00:00
1111008,-83.61248,13.977715,-83.434296,14.183513,-83.61248,13.977715,-83.434296,14.183513,1111008,1111008,2018-10-14 11:21:46+00:00,2018-10-14 11:22:11+00:00
1111008,-83.61248,13.977715,-83.434296,14.183513,-83.61248,13.977715,-83.434296,14.183513,1111008,1111008,2020-08-16 11:21:27+00:00,2020-08-16 11:21:56+00:00
1111008,-83.61248,13.977715,-83.434296,14.183513,-83.61248,13.977715,-83.434296,14.183513,1111008,1111008,2020-08-16 11:21:56+00:00,2020-08-16 11:22:21+00:00
1111009_1,67.398376,25.557309,69.656067,28.625514,67.398376,25.557309,69.656067,28.625514,1111009,1111009,2022-06-07 01:25:21+00:00,2022-06-07 01:25:46+00:00
1111009_1,67.398376,25.557309,69.656067,28.625514,67.398376,25.557309,69.656067,28.625514,1111009,1111009,2022-06-07 01:25:46+00:00,2022-06-07 01:26:11+00:00
1111009_1,67.398376,25.557309,69.656067,28.625514,67.398376,25.557309,69.656067,28.625514,1111009,1111009,2022-06-07 01:26:11+00:00,2022-06-07 01:26:36+00:00
1111009_1,67.398376,25.557309,69.656067,28.625514,67.398376,25.557309,69.656067,28.625514,1111009,1111009,2022-06-19 01:25:21+00:00,2022-06-19 01:25:46+00:00
1111009_1,67.398376,25.557309,69.656067,28.625514,67.398376,25.557309,69.656067,28.625514,1111009,1111009,2022-06-19 01:25:46+00:00,2022-06-19 01:26:11+00:00
1111009_1,67.398376,25.557309,69.656067,28.625514,67.398376,25.557309,69.656067,28.625514,1111009,1111009,2022-06-19 01:26:11+00:00,2022-06-19 01:26:36+00:00
1111009_1,67.398376,25.557309,69.656067,28.625514,67.398376,25.557309,69.656067,28.625514,1111009,1111009,2022-09-11 01:25:26+00:00,2022-09-11 01:25:51+00:00
1111009_1,67.398376,25.557309,69.656067,28.625514,67.398376,25.557309,69.656067,28.625514,1111009,1111009,2022-09-11 01:25:51+00:00,2022-09-11 01:26:16+00:00
1111009_1,67.398376,25.557309,69.656067,28.625514,67.398376,25.557309,69.656067,28.625514,1111009,1111009,2022-09-11 01:26:16+00:00,2022-09-11 01:26:41+00:00
1111009_2,67.398376,25.557309,69.656067,28.625514,67.398376,25.557309,69.656067,28.625514,1111009,1111009,2022-06-07 01:25:21+00:00,2022-06-07 01:25:46+00:00
1111009_2,67.398376,25.557309,69.656067,28.625514,67.398376,25.557309,69.656067,28.625514,1111009,1111009,2022-06-07 01:25:46+00:00,2022-06-07 01:26:11+00:00
1111009_2,67.398376,25.557309,69.656067,28.625514,67.398376,25.557309,69.656067,28.625514,1111009,1111009,2022-06-07 01:26:11+00:00,2022-06-07 01:26:36+00:00
1111009_2,67.398376,25.557309,69.656067,28.625514,67.398376,25.557309,69.656067,28.625514,1111009,1111009,2022-06-19 01:25:21+00:00,2022-06-19 01:25:46+00:00
1111009_2,67.398376,25.557309,69.656067,28.625514,67.398376,25.557309,69.656067,28.625514,1111009,1111009,2022-06-19 01:25:46+00:00,2022-06-19 01:26:11+00:00
1111009_2,67.398376,25.557309,69.656067,28.625514,67.398376,25.557309,69.656067,28.625514,1111009,1111009,2022-06-19 01:26:11+00:00,2022-06-19 01:26:36+00:00
1111009_2,67.398376,25.557309,69.656067,28.625514,67.398376,25.557309,69.656067,28.625514,1111009,1111009,2022-09-11 01:25:26+00:00,2022-09-11 01:25:51+00:00
1111009_2,67.398376,25.557309,69.656067,28.625514,67.398376,25.557309,69.656067,28.625514,1111009,1111009,2022-09-11 01:25:51+00:00,2022-09-11 01:26:16+00:00
1111009_2,67.398376,25.557309,69.656067,28.625514,67.398376,25.557309,69.656067,28.625514,1111009,1111009,2022-09-11 01:26:16+00:00,2022-09-11 01:26:41+00:00
1111009_3,67.398376,25.557309,69.656067,28.625514,67.398376,25.557309,69.656067,28.625514,1111009,1111009,2022-06-07 01:25:21+00:00,2022-06-07 01:25:46+00:00
1111009_3,67.398376,25.557309,69.656067,28.625514,67.398376,25.557309,69.656067,28.625514,1111009,1111009,2022-06-07 01:25:46+00:00,2022-06-07 01:26:11+00:00
1111009_3,67.398376,25.557309,69.656067,28.625514,67.398376,25.557309,69.656067,28.625514,1111009,1111009,2022-06-07 01:26:11+00:00,2022-06-07 01:26:36+00:00
1111009_3,67.398376,25.557309,69.656067,28.625514,67.398376,25.557309,69.656067,28.625514,1111009,1111009,2022-06-19 01:25:21+00:00,2022-06-19 01:25:46+00:00
1111009_3,67.398376,25.557309,69.656067,28.625514,67.398376,25.557309,69.656067,28.625514,1111009,1111009,2022-06-19 01:25:46+00:00,2022-06-19 01:26:11+00:00
1111009_3,67.398376,25.557309,69.656067,28.625514,67.398376,25.557309,69.656067,28.625514,1111009,1111009,2022-06-19 01:26:11+00:00,2022-06-19 01:26:36+00:00
1111009_3,67.398376,25.557309,69.656067,28.625514,67.398376,25.557309,69.656067,28.625514,1111009,1111009,2022-09-11 01:25:26+00:00,2022-09-11 01:25:51+00:00
1111009_3,67.398376,25.557309,69.656067,28.625514,67.398376,25.557309,69.656067,28.625514,1111009,1111009,2022-09-11 01:25:51+00:00,2022-09-11 01:26:16+00:00
1111009_3,67.398376,25.557309,69.656067,28.625514,67.398376,25.557309,69.656067,28.625514,1111009,1111009,2022-09-11 01:26:16+00:00,2022-09-11 01:26:41+00:00
1111010,-80.886841,-6.113246,-80.476227,-5.428718,-80.886841,-6.113246,-80.476227,-5.428718,1111010,1111010,2016-10-30 23:43:15+00:00,2016-10-30 23:43:40+00:00
1111010,-80.886841,-6.113246,-80.476227,-5.428718,-80.886841,-6.113246,-80.476227,-5.428718,1111010,1111010,2016-11-23 23:43:14+00:00,2016-11-23 23:43:39+00:00
1111010,-80.886841,-6.113246,-80.476227,-5.428718,-80.886841,-6.113246,-80.476227,-5.428718,1111010,1111010,2017-03-11 23:43:11+00:00,2017-03-11 23:43:36+00:00
1111011,121.415405,16.828203,122.000427,18.445741,121.415405,16.828203,122.000427,18.445741,1111011,1111011,2020-10-20 09:58:32+00:00,2020-10-20 09:58:57+00:00
1111011,121.415405,16.828203,122.000427,18.445741,121.415405,16.828203,122.000427,18.445741,1111011,1111011,2020-10-20 09:58:57+00:00,2020-10-20 09:59:22+00:00
1111011,121.415405,16.828203,122.000427,18.445741,121.415405,16.828203,122.000427,18.445741,1111011,1111011,2020-11-01 09:58:32+00:00,2020-11-01 09:58:57+00:00
1111011,121.415405,16.828203,122.000427,18.445741,121.415405,16.828203,122.000427,18.445741,1111011,1111011,2020-11-01 09:58:57+00:00,2020-11-01 09:59:22+00:00
1111011,121.415405,16.828203,122.000427,18.445741,121.415405,16.828203,122.000427,18.445741,1111011,1111011,2020-11-13 09:58:32+00:00,2020-11-13 09:58:57+00:00
1111011,121.415405,16.828203,122.000427,18.445741,121.415405,16.828203,122.000427,18.445741,1111011,1111011,2020-11-13 09:58:57+00:00,2020-11-13 09:59:22+00:00
1111013,-91.433716,37.247821,-89.280396,39.087436,-91.433716,37.247821,-89.280396,39.087436,1111013,1111013,2017-04-10 23:55:54+00:00,2017-04-10 23:56:19+00:00
1111013,-91.433716,37.247821,-89.280396,39.087436,-91.433716,37.247821,-89.280396,39.087436,1111013,1111013,2017-04-22 23:55:54+00:00,2017-04-22 23:56:19+00:00
1111013,-91.433716,37.247821,-89.280396,39.087436,-91.433716,37.247821,-89.280396,39.087436,1111013,1111013,2017-05-04 23:55:55+00:00,2017-05-04 23:56:20+00:00
118_1,-153527.9912716974,5123834.370860604,-122328.5859280339,5149837.2890703045,-1.3791654109953426,41.75154452025888,-1.0988963842388106,41.92557391524316,118,118,2014-10-17 18:11:12+00:00,2014-10-17 18:11:37+00:00
118_1,-153527.9912716974,5123834.370860604,-122328.5859280339,5149837.2890703045,-1.3791654109953426,41.75154452025888,-1.0988963842388106,41.92557391524316,118,118,2014-10-29 18:11:18+00:00,2014-10-29 18:11:43+00:00
118_1,-153527.9912716974,5123834.370860604,-122328.5859280339,5149837.2890703045,-1.3791654109953426,41.75154452025888,-1.0988963842388106,41.92557391524316,118,118,2014-10-30 06:09:08+00:00,2014-10-30 06:09:33+00:00
118_1,-153527.9912716974,5123834.370860604,-122328.5859280339,5149837.2890703045,-1.3791654109953426,41.75154452025888,-1.0988963842388106,41.92557391524316,118,118,2014-11-11 06:08:59+00:00,2014-11-11 06:09:24+00:00
118_1,-153527.9912716974,5123834.370860604,-122328.5859280339,5149837.2890703045,-1.3791654109953426,41.75154452025888,-1.0988963842388106,41.92557391524316,118,118,2015-02-02 18:11:16+00:00,2015-02-02 18:11:41+00:00
118_1,-153527.9912716974,5123834.370860604,-122328.5859280339,5149837.2890703045,-1.3791654109953426,41.75154452025888,-1.0988963842388106,41.92557391524316,118,118,2015-02-03 06:08:57+00:00,2015-02-03 06:09:22+00:00
118_2,-392985.5442315058,5272823.651865576,-363071.2463786523,5301536.654709536,-3.5302492082118984,42.742263555526726,-3.261524498462678,42.93140397965907,118,118,2014-10-17 18:11:12+00:00,2014-10-17 18:11:37+00:00
118_2,-392985.5442315058,5272823.651865576,-363071.2463786523,5301536.654709536,-3.5302492082118984,42.742263555526726,-3.261524498462678,42.93140397965907,118,118,2014-10-29 18:11:18+00:00,2014-10-29 18:11:43+00:00
118_2,-392985.5442315058,5272823.651865576,-363071.2463786523,5301536.654709536,-3.5302492082118984,42.742263555526726,-3.261524498462678,42.93140397965907,118,118,2014-10-30 06:09:08+00:00,2014-10-30 06:09:33+00:00
118_2,-392985.5442315058,5272823.651865576,-363071.2463786523,5301536.654709536,-3.5302492082118984,42.742263555526726,-3.261524498462678,42.93140397965907,118,118,2014-11-11 06:08:59+00:00,2014-11-11 06:09:24+00:00
118_2,-392985.5442315058,5272823.651865576,-363071.2463786523,5301536.654709536,-3.5302492082118984,42.742263555526726,-3.261524498462678,42.93140397965907,118,118,2015-02-02 18:11:16+00:00,2015-02-02 18:11:41+00:00
118_2,-392985.5442315058,5272823.651865576,-363071.2463786523,5301536.654709536,-3.5302492082118984,42.742263555526726,-3.261524498462678,42.93140397965907,118,118,2015-02-03 06:08:57+00:00,2015-02-03 06:09:22+00:00
130,10530076.148808315,1884606.7641623144,10588396.971072486,1947954.404868933,94.59328347416938,16.68860523366969,95.1171883343926,17.232912883457374,130,130,2015-03-29 23:32:24+00:00,2015-03-29 23:32:49+00:00
130,10530076.148808315,1884606.7641623144,10588396.971072486,1947954.404868933,94.59328347416938,16.68860523366969,95.1171883343926,17.232912883457374,130,130,2015-04-22 23:32:24+00:00,2015-04-22 23:32:49+00:00
130,10530076.148808315,1884606.7641623144,10588396.971072486,1947954.404868933,94.59328347416938,16.68860523366969,95.1171883343926,17.232912883457374,130,130,2015-09-13 23:32:43+00:00,2015-09-13 23:33:08+00:00
147_1,-355511.9228774808,7311867.776145707,-297249.53317182715,7357475.273534085,-3.193617940075616,54.74155430478213,-2.67023798845645,54.97736971086294,147,147,2015-06-13 06:22:04+00:00,2015-06-13 06:22:29+00:00
147_1,-355511.9228774808,7311867.776145707,-297249.53317182715,7357475.273534085,-3.193617940075616,54.74155430478213,-2.67023798845645,54.97736971086294,147,147,2015-06-25 06:22:04+00:00,2015-06-25 06:22:29+00:00
147_1,-355511.9228774808,7311867.776145707,-297249.53317182715,7357475.273534085,-3.193617940075616,54.74155430478213,-2.67023798845645,54.97736971086294,147,147,2015-12-10 06:22:05+00:00,2015-12-10 06:22:30+00:00
147_2,-406326.42652101954,7265479.603869792,-327628.13944625866,7310772.314103729,-3.650092392854996,54.50028578902784,-2.94313365172216,54.73587320751432,147,147,2015-06-13 06:22:04+00:00,2015-06-13 06:22:29+00:00
147_2,-406326.42652101954,7265479.603869792,-327628.13944625866,7310772.314103729,-3.650092392854996,54.50028578902784,-2.94313365172216,54.73587320751432,147,147,2015-06-25 06:22:04+00:00,2015-06-25 06:22:29+00:00
147_2,-406326.42652101954,7265479.603869792,-327628.13944625866,7310772.314103729,-3.650092392854996,54.50028578902784,-2.94313365172216,54.73587320751432,147,147,2015-12-10 06:22:05+00:00,2015-12-10 06:22:30+00:00
147_3,-327798.8156472566,7253686.150307576,-248377.54512154672,7312008.2929821,-2.94466686212208,54.43871884066866,-2.2312134501477145,54.742282971435145,147,147,2015-06-13 06:22:04+00:00,2015-06-13 06:22:29+00:00
147_3,-327798.8156472566,7253686.150307576,-248377.54512154672,7312008.2929821,-2.94466686212208,54.43871884066866,-2.2312134501477145,54.742282971435145,147,147,2015-06-25 06:22:04+00:00,2015-06-25 06:22:29+00:00
147_3,-327798.8156472566,7253686.150307576,-248377.54512154672,7312008.2929821,-2.94466686212208,54.43871884066866,-2.2312134501477145,54.742282971435145,147,147,2015-12-10 06:22:05+00:00,2015-12-10 06:22:30+00:00
174,2373297.1425611456,5152379.796926373,2406316.8834714866,5170379.074269346,21.31969096919864,41.94256472195545,21.616312348572897,42.06271895511291,174,174,2015-07-20 16:32:28+00:00,2015-07-20 16:32:53+00:00
174,2373297.1425611456,5152379.796926373,2406316.8834714866,5170379.074269346,21.31969096919864,41.94256472195545,21.616312348572897,42.06271895511291,174,174,2015-08-13 16:32:23+00:00,2015-08-13 16:32:48+00:00
174,2373297.1425611456,5152379.796926373,2406316.8834714866,5170379.074269346,21.31969096919864,41.94256472195545,21.616312348572897,42.06271895511291,174,174,2016-08-07 16:32:30+00:00,2016-08-07 16:32:55+00:00
205_1,8901927.827998037,712007.460021578,8918826.338723846,725807.6877595455,79.9673782601953,6.382828628215521,80.11918016483384,6.506014819829381,205,205,2017-01-12 00:25:10+00:00,2017-01-12 00:25:35+00:00
205_1,8901927.827998037,712007.460021578,8918826.338723846,725807.6877595455,79.9673782601953,6.382828628215521,80.11918016483384,6.506014819829381,205,205,2017-01-24 00:25:09+00:00,2017-01-24 00:25:35+00:00
205_1,8901927.827998037,712007.460021578,8918826.338723846,725807.6877595455,79.9673782601953,6.382828628215521,80.11918016483384,6.506014819829381,205,205,2017-05-30 00:24:30+00:00,2017-05-30 00:25:01+00:00
205_2,8940524.656292921,754624.0913508316,8951418.0368054,766720.3220365824,80.31409946795361,6.763143212598398,80.41195637005453,6.871037258766501,205,205,2017-01-12 00:25:10+00:00,2017-01-12 00:25:35+00:00
205_2,8940524.656292921,754624.0913508316,8951418.0368054,766720.3220365824,80.31409946795361,6.763143212598398,80.41195637005453,6.871037258766501,205,205,2017-01-24 00:25:09+00:00,2017-01-24 00:25:35+00:00
205_2,8940524.656292921,754624.0913508316,8951418.0368054,766720.3220365824,80.31409946795361,6.763143212598398,80.41195637005453,6.871037258766501,205,205,2017-05-30 00:24:30+00:00,2017-05-30 00:25:01+00:00
205_3,8929695.989701131,742499.8958198333,8940540.85443665,754624.0913508316,80.21682390089323,6.654975546581867,80.3142449783545,6.763143212598398,205,205,2017-01-12 00:25:10+00:00,2017-01-12 00:25:35+00:00
205_3,8929695.989701131,742499.8958198333,8940540.85443665,754624.0913508316,80.21682390089323,6.654975546581867,80.3142449783545,6.763143212598398,205,205,2017-01-24 00:25:09+00:00,2017-01-24 00:25:35+00:00
205_3,8929695.989701131,742499.8958198333,8940540.85443665,754624.0913508316,80.21682390089323,6.654975546581867,80.3142449783545,6.763143212598398,205,205,2017-05-30 00:24:30+00:00,2017-05-30 00:25:01+00:00
205_4,8940533.696314825,742499.8959212095,8951430.776505113,754638.0194790057,80.31418067585206,6.6549755474864085,80.4120708127242,6.763267460445568,205,205,2017-01-12 00:25:10+00:00,2017-01-12 00:25:35+00:00
205_4,8940533.696314825,742499.8959212095,8951430.776505113,754638.0194790057,80.31418067585206,6.6549755474864085,80.4120708127242,6.763267460445568,205,205,2017-01-24 00:25:09+00:00,2017-01-24 00:25:35+00:00
205_4,8940533.696314825,742499.8959212095,8951430.776505113,754638.0194790057,80.31418067585206,6.6549755474864085,80.4120708127242,6.763267460445568,205,205,2017-05-30 00:24:30+00:00,2017-05-30 00:25:01+00:00
267,2358098.501770748,7396065.154583703,2416173.827129519,7443722.512851768,21.18315925600007,55.17582471900005,21.70485878000005,55.41955411700008,267,267,2017-07-25 04:51:25+00:00,2017-07-25 04:51:50+00:00
267,2358098.501770748,7396065.154583703,2416173.827129519,7443722.512851768,21.18315925600007,55.17582471900005,21.70485878000005,55.41955411700008,267,267,2017-08-30 04:51:27+00:00,2017-08-30 04:51:52+00:00
267,2358098.501770748,7396065.154583703,2416173.827129519,7443722.512851768,21.18315925600007,55.17582471900005,21.70485878000005,55.41955411700008,267,267,2018-02-02 04:51:25+00:00,2018-02-02 04:51:50+00:00
273_1,2147531.1622810266,5155606.078892618,2165982.102605661,5175590.274060104,19.291600662000064,41.96411846700005,19.457348279000023,42.09746397500003,273,273,2018-03-11 16:40:36+00:00,2018-03-11 16:41:01+00:00
273_1,2147531.1622810266,5155606.078892618,2165982.102605661,5175590.274060104,19.291600662000064,41.96411846700005,19.457348279000023,42.09746397500003,273,273,2018-03-11 16:41:01+00:00,2018-03-11 16:41:26+00:00
273_1,2147531.1622810266,5155606.078892618,2165982.102605661,5175590.274060104,19.291600662000064,41.96411846700005,19.457348279000023,42.09746397500003,273,273,2017-07-27 16:32:03+00:00,2017-07-27 16:32:28+00:00
273_1,2147531.1622810266,5155606.078892618,2165982.102605661,5175590.274060104,19.291600662000064,41.96411846700005,19.457348279000023,42.09746397500003,273,273,2017-08-20 16:32:04+00:00,2017-08-20 16:32:29+00:00
273_2,2165981.722672239,5155601.145924323,2184407.406608171,5175594.776316008,19.457344866000028,41.96408551700006,19.622865601000058,42.09749398500003,273,273,2018-03-11 16:40:36+00:00,2018-03-11 16:41:01+00:00
273_2,2165981.722672239,5155601.145924323,2184407.406608171,5175594.776316008,19.457344866000028,41.96408551700006,19.622865601000058,42.09749398500003,273,273,2018-03-11 16:41:01+00:00,2018-03-11 16:41:26+00:00
273_2,2165981.722672239,5155601.145924323,2184407.406608171,5175594.776316008,19.457344866000028,41.96408551700006,19.622865601000058,42.09749398500003,273,273,2017-07-27 16:32:03+00:00,2017-07-27 16:32:28+00:00
273_2,2165981.722672239,5155601.145924323,2184407.406608171,5175594.776316008,19.457344866000028,41.96408551700006,19.622865601000058,42.09749398500003,273,273,2017-08-20 16:32:04+00:00,2017-08-20 16:32:29+00:00
273_3,2147841.307510575,5137408.1061119735,2164752.792006677,5155607.19304017,19.29438674400006,41.84244832600007,19.44630519400005,41.96412590900008,273,273,2018-03-11 16:40:36+00:00,2018-03-11 16:41:01+00:00
273_3,2147841.307510575,5137408.1061119735,2164752.792006677,5155607.19304017,19.29438674400006,41.84244832600007,19.44630519400005,41.96412590900008,273,273,2018-03-11 16:41:01+00:00,2018-03-11 16:41:26+00:00
273_3,2147841.307510575,5137408.1061119735,2164752.792006677,5155607.19304017,19.29438674400006,41.84244832600007,19.44630519400005,41.96412590900008,273,273,2017-07-27 16:32:03+00:00,2017-07-27 16:32:28+00:00
273_3,2147841.307510575,5137408.1061119735,2164752.792006677,5155607.19304017,19.29438674400006,41.84244832600007,19.44630519400005,41.96412590900008,273,273,2017-08-20 16:32:04+00:00,2017-08-20 16:32:29+00:00
273_4,2164752.7894463297,5137408.1061119735,2181720.8116646544,5155607.934557679,19.44630517100006,41.84244832600007,19.598731508000068,41.96413086200005,273,273,2018-03-11 16:40:36+00:00,2018-03-11 16:41:01+00:00
273_4,2164752.7894463297,5137408.1061119735,2181720.8116646544,5155607.934557679,19.44630517100006,41.84244832600007,19.598731508000068,41.96413086200005,273,273,2018-03-11 16:41:01+00:00,2018-03-11 16:41:26+00:00
273_4,2164752.7894463297,5137408.1061119735,2181720.8116646544,5155607.934557679,19.44630517100006,41.84244832600007,19.598731508000068,41.96413086200005,273,273,2017-07-27 16:32:03+00:00,2017-07-27 16:32:28+00:00
273_4,2164752.7894463297,5137408.1061119735,2181720.8116646544,5155607.934557679,19.44630517100006,41.84244832600007,19.598731508000068,41.96413086200005,273,273,2017-08-20 16:32:04+00:00,2017-08-20 16:32:29+00:00
275_1,1796230.7461812238,5688852.886592662,1849812.0932326424,5732793.819983357,16.13581533100006,45.42609605200004,16.617144761000077,45.70244783000004,275,275,2017-07-07 16:49:54+00:00,2017-07-07 16:50:19+00:00
275_1,1796230.7461812238,5688852.886592662,1849812.0932326424,5732793.819983357,16.13581533100006,45.42609605200004,16.617144761000077,45.70244783000004,275,275,2017-08-06 16:49:15+00:00,2017-08-06 16:49:40+00:00
275_1,1796230.7461812238,5688852.886592662,1849812.0932326424,5732793.819983357,16.13581533100006,45.42609605200004,16.617144761000077,45.70244783000004,275,275,2018-03-22 16:49:14+00:00,2018-03-22 16:49:39+00:00
275_2,1824850.4612795785,5663789.997774033,1878249.043434413,5707607.788382979,16.392910606000044,45.26786254700005,16.872598231000037,45.54421501300004,275,275,2017-07-07 16:49:54+00:00,2017-07-07 16:50:19+00:00
275_2,1824850.4612795785,5663789.997774033,1878249.043434413,5707607.788382979,16.392910606000044,45.26786254700005,16.872598231000037,45.54421501300004,275,275,2017-08-06 16:49:15+00:00,2017-08-06 16:49:40+00:00
275_2,1824850.4612795785,5663789.997774033,1878249.043434413,5707607.788382979,16.392910606000044,45.26786254700005,16.872598231000037,45.54421501300004,275,275,2018-03-22 16:49:14+00:00,2018-03-22 16:49:39+00:00
275_3,1868103.309346264,5638705.91328513,1917002.0759335973,5678817.794102831,16.781457551000074,45.10905233200003,17.220722645000016,45.36279300900003,275,275,2017-07-07 16:49:54+00:00,2017-07-07 16:50:19+00:00
275_3,1868103.309346264,5638705.91328513,1917002.0759335973,5678817.794102831,16.781457551000074,45.10905233200003,17.220722645000016,45.36279300900003,275,275,2017-08-06 16:49:15+00:00,2017-08-06 16:49:40+00:00
275_3,1868103.309346264,5638705.91328513,1917002.0759335973,5678817.794102831,16.781457551000074,45.10905233200003,17.220722645000016,45.36279300900003,275,275,2018-03-22 16:49:14+00:00,2018-03-22 16:49:39+00:00
277_1,2910623.525751034,5085842.494850007,2968370.6953885243,5133254.597980269,26.14657599500003,41.49642630300008,26.66532764600004,41.81464582000008,277,277,2017-07-30 16:07:37+00:00,2017-07-30 16:08:02+00:00
277_1,2910623.525751034,5085842.494850007,2968370.6953885243,5133254.597980269,26.14657599500003,41.49642630300008,26.66532764600004,41.81464582000008,277,277,2017-07-30 16:08:02+00:00,2017-07-30 16:08:27+00:00
277_1,2910623.525751034,5085842.494850007,2968370.6953885243,5133254.597980269,26.14657599500003,41.49642630300008,26.66532764600004,41.81464582000008,277,277,2018-03-27 16:07:37+00:00,2018-03-27 16:08:02+00:00
277_1,2910623.525751034,5085842.494850007,2968370.6953885243,5133254.597980269,26.14657599500003,41.49642630300008,26.66532764600004,41.81464582000008,277,277,2018-03-27 16:08:02+00:00,2018-03-27 16:08:27+00:00
277_1,2910623.525751034,5085842.494850007,2968370.6953885243,5133254.597980269,26.14657599500003,41.49642630300008,26.66532764600004,41.81464582000008,277,277,2017-08-29 16:06:55+00:00,2017-08-29 16:07:20+00:00
277_1,2910623.525751034,5085842.494850007,2968370.6953885243,5133254.597980269,26.14657599500003,41.49642630300008,26.66532764600004,41.81464582000008,277,277,2017-08-29 16:07:20+00:00,2017-08-29 16:07:45+00:00
277_2,2922821.093569045,5034397.498993232,2985481.530940061,5085876.15083233,26.256148611000068,41.14936165700004,26.819036897000046,41.496652752000045,277,277,2017-07-30 16:07:37+00:00,2017-07-30 16:08:02+00:00
277_2,2922821.093569045,5034397.498993232,2985481.530940061,5085876.15083233,26.256148611000068,41.14936165700004,26.819036897000046,41.496652752000045,277,277,2017-07-30 16:08:02+00:00,2017-07-30 16:08:27+00:00
277_2,2922821.093569045,5034397.498993232,2985481.530940061,5085876.15083233,26.256148611000068,41.14936165700004,26.819036897000046,41.496652752000045,277,277,2018-03-27 16:07:37+00:00,2018-03-27 16:08:02+00:00
277_2,2922821.093569045,5034397.498993232,2985481.530940061,5085876.15083233,26.256148611000068,41.14936165700004,26.819036897000046,41.496652752000045,277,277,2018-03-27 16:08:02+00:00,2018-03-27 16:08:27+00:00
277_2,2922821.093569045,5034397.498993232,2985481.530940061,5085876.15083233,26.256148611000068,41.14936165700004,26.819036897000046,41.496652752000045,277,277,2017-08-29 16:06:55+00:00,2017-08-29 16:07:20+00:00
277_2,2922821.093569045,5034397.498993232,2985481.530940061,5085876.15083233,26.256148611000068,41.14936165700004,26.819036897000046,41.496652752000045,277,277,2017-08-29 16:07:20+00:00,2017-08-29 16:07:45+00:00
277_3,2899126.918621476,4982653.461569075,2962323.2788566733,5034503.3200668525,26.04330021600004,40.798416520000046,26.61100277900005,41.15007745700007,277,277,2017-07-30 16:07:37+00:00,2017-07-30 16:08:02+00:00
277_3,2899126.918621476,4982653.461569075,2962323.2788566733,5034503.3200668525,26.04330021600004,40.798416520000046,26.61100277900005,41.15007745700007,277,277,2017-07-30 16:08:02+00:00,2017-07-30 16:08:27+00:00
277_3,2899126.918621476,4982653.461569075,2962323.2788566733,5034503.3200668525,26.04330021600004,40.798416520000046,26.61100277900005,41.15007745700007,277,277,2018-03-27 16:07:37+00:00,2018-03-27 16:08:02+00:00
277_3,2899126.918621476,4982653.461569075,2962323.2788566733,5034503.3200668525,26.04330021600004,40.798416520000046,26.61100277900005,41.15007745700007,277,277,2018-03-27 16:08:02+00:00,2018-03-27 16:08:27+00:00
277_3,2899126.918621476,4982653.461569075,2962323.2788566733,5034503.3200668525,26.04330021600004,40.798416520000046,26.61100277900005,41.15007745700007,277,277,2017-08-29 16:06:55+00:00,2017-08-29 16:07:20+00:00
277_3,2899126.918621476,4982653.461569075,2962323.2788566733,5034503.3200668525,26.04330021600004,40.798416520000046,26.61100277900005,41.15007745700007,277,277,2017-08-29 16:07:20+00:00,2017-08-29 16:07:45+00:00
279_1,-128640.88259753768,5069393.214383883,-55790.491919678105,5129173.867743321,-1.1556007099999306,41.38565515900006,-0.501174515999935,41.78731871200006,279,279,2017-09-15 06:01:09+00:00,2017-09-15 06:01:34+00:00
279_1,-128640.88259753768,5069393.214383883,-55790.491919678105,5129173.867743321,-1.1556007099999306,41.38565515900006,-0.501174515999935,41.78731871200006,279,279,2017-09-15 06:01:34+00:00,2017-09-15 06:01:59+00:00
279_1,-128640.88259753768,5069393.214383883,-55790.491919678105,5129173.867743321,-1.1556007099999306,41.38565515900006,-0.501174515999935,41.78731871200006,279,279,2018-04-13 17:54:51+00:00,2018-04-13 17:55:16+00:00
279_1,-128640.88259753768,5069393.214383883,-55790.491919678105,5129173.867743321,-1.1556007099999306,41.38565515900006,-0.501174515999935,41.78731871200006,279,279,2018-04-19 06:01:07+00:00,2018-04-19 06:01:32+00:00
279_1,-128640.88259753768,5069393.214383883,-55790.491919678105,5129173.867743321,-1.1556007099999306,41.38565515900006,-0.501174515999935,41.78731871200006,279,279,2018-04-19 06:01:32+00:00,2018-04-19 06:01:57+00:00
279_1,-128640.88259753768,5069393.214383883,-55790.491919678105,5129173.867743321,-1.1556007099999306,41.38565515900006,-0.501174515999935,41.78731871200006,279,279,2017-08-22 17:54:04+00:00,2017-08-22 17:54:29+00:00
279_1,-128640.88259753768,5069393.214383883,-55790.491919678105,5129173.867743321,-1.1556007099999306,41.38565515900006,-0.501174515999935,41.78731871200006,279,279,2017-08-28 06:00:37+00:00,2017-08-28 06:01:02+00:00
279_1,-128640.88259753768,5069393.214383883,-55790.491919678105,5129173.867743321,-1.1556007099999306,41.38565515900006,-0.501174515999935,41.78731871200006,279,279,2017-09-15 17:54:05+00:00,2017-09-15 17:54:30+00:00
279_2,-66659.28250200722,5031329.293244725,5817.842457315527,5090803.65672449,-0.5988105229999405,41.12860415400007,0.0522625680000601,41.529798159000045,279,279,2017-09-15 06:01:09+00:00,2017-09-15 06:01:34+00:00
279_2,-66659.28250200722,5031329.293244725,5817.842457315527,5090803.65672449,-0.5988105229999405,41.12860415400007,0.0522625680000601,41.529798159000045,279,279,2017-09-15 06:01:34+00:00,2017-09-15 06:01:59+00:00
279_2,-66659.28250200722,5031329.293244725,5817.842457315527,5090803.65672449,-0.5988105229999405,41.12860415400007,0.0522625680000601,41.529798159000045,279,279,2018-04-13 17:54:51+00:00,2018-04-13 17:55:16+00:00
279_2,-66659.28250200722,5031329.293244725,5817.842457315527,5090803.65672449,-0.5988105229999405,41.12860415400007,0.0522625680000601,41.529798159000045,279,279,2018-04-19 06:01:07+00:00,2018-04-19 06:01:32+00:00
279_2,-66659.28250200722,5031329.293244725,5817.842457315527,5090803.65672449,-0.5988105229999405,41.12860415400007,0.0522625680000601,41.529798159000045,279,279,2018-04-19 06:01:32+00:00,2018-04-19 06:01:57+00:00
279_2,-66659.28250200722,5031329.293244725,5817.842457315527,5090803.65672449,-0.5988105229999405,41.12860415400007,0.0522625680000601,41.529798159000045,279,279,2017-08-22 17:54:04+00:00,2017-08-22 17:54:29+00:00
279_2,-66659.28250200722,5031329.293244725,5817.842457315527,5090803.65672449,-0.5988105229999405,41.12860415400007,0.0522625680000601,41.529798159000045,279,279,2017-08-28 06:00:37+00:00,2017-08-28 06:01:02+00:00
279_2,-66659.28250200722,5031329.293244725,5817.842457315527,5090803.65672449,-0.5988105229999405,41.12860415400007,0.0522625680000601,41.529798159000045,279,279,2017-09-15 17:54:05+00:00,2017-09-15 17:54:30+00:00
279_3,30154.72449247469,4934987.540342519,106436.0139365996,4997580.920055783,0.2708844990000329,40.47347991800007,0.956130981000058,40.89985104800007,279,279,2017-09-15 06:01:09+00:00,2017-09-15 06:01:34+00:00
279_3,30154.72449247469,4934987.540342519,106436.0139365996,4997580.920055783,0.2708844990000329,40.47347991800007,0.956130981000058,40.89985104800007,279,279,2017-09-15 06:01:34+00:00,2017-09-15 06:01:59+00:00
279_3,30154.72449247469,4934987.540342519,106436.0139365996,4997580.920055783,0.2708844990000329,40.47347991800007,0.956130981000058,40.89985104800007,279,279,2018-04-13 17:54:51+00:00,2018-04-13 17:55:16+00:00
279_3,30154.72449247469,4934987.540342519,106436.0139365996,4997580.920055783,0.2708844990000329,40.47347991800007,0.956130981000058,40.89985104800007,279,279,2018-04-19 06:01:07+00:00,2018-04-19 06:01:32+00:00
279_3,30154.72449247469,4934987.540342519,106436.0139365996,4997580.920055783,0.2708844990000329,40.47347991800007,0.956130981000058,40.89985104800007,279,279,2018-04-19 06:01:32+00:00,2018-04-19 06:01:57+00:00
279_3,30154.72449247469,4934987.540342519,106436.0139365996,4997580.920055783,0.2708844990000329,40.47347991800007,0.956130981000058,40.89985104800007,279,279,2017-08-22 17:54:04+00:00,2017-08-22 17:54:29+00:00
279_3,30154.72449247469,4934987.540342519,106436.0139365996,4997580.920055783,0.2708844990000329,40.47347991800007,0.956130981000058,40.89985104800007,279,279,2017-08-28 06:00:37+00:00,2017-08-28 06:01:02+00:00
279_3,30154.72449247469,4934987.540342519,106436.0139365996,4997580.920055783,0.2708844990000329,40.47347991800007,0.956130981000058,40.89985104800007,279,279,2017-09-15 17:54:05+00:00,2017-09-15 17:54:30+00:00
321_1,-9749369.791458135,1507182.0718864223,-9722746.774547722,1529025.857746106,-87.58007894199994,13.414973116000052,-87.34092031199997,13.605769048000074,321,321,2017-12-11 23:57:28+00:00,2017-12-11 23:57:53+00:00
321_1,-9749369.791458135,1507182.0718864223,-9722746.774547722,1529025.857746106,-87.58007894199994,13.414973116000052,-87.34092031199997,13.605769048000074,321,321,2017-12-23 23:57:27+00:00,2017-12-23 23:57:52+00:00
321_1,-9749369.791458135,1507182.0718864223,-9722746.774547722,1529025.857746106,-87.58007894199994,13.414973116000052,-87.34092031199997,13.605769048000074,321,321,2018-10-07 23:57:35+00:00,2018-10-07 23:58:00+00:00
321_2,-9725242.716495538,1481044.0399244076,-9696762.279779963,1504414.8924096036,-87.36334173999995,13.18646968100006,-87.10749762399996,13.390792147000068,321,321,2017-12-11 23:57:28+00:00,2017-12-11 23:57:53+00:00
321_2,-9725242.716495538,1481044.0399244076,-9696762.279779963,1504414.8924096036,-87.36334173999995,13.18646968100006,-87.10749762399996,13.390792147000068,321,321,2017-12-23 23:57:27+00:00,2017-12-23 23:57:52+00:00
321_2,-9725242.716495538,1481044.0399244076,-9696762.279779963,1504414.8924096036,-87.36334173999995,13.18646968100006,-87.10749762399996,13.390792147000068,321,321,2018-10-07 23:57:35+00:00,2018-10-07 23:58:00+00:00
321_3,-9696634.830094954,1455843.1995570865,-9670259.46910661,1477486.6401552698,-87.10635272399996,12.965956947000052,-86.86941882499997,13.155353645000048,321,321,2017-12-11 23:57:28+00:00,2017-12-11 23:57:53+00:00
321_3,-9696634.830094954,1455843.1995570865,-9670259.46910661,1477486.6401552698,-87.10635272399996,12.965956947000052,-86.86941882499997,13.155353645000048,321,321,2017-12-23 23:57:27+00:00,2017-12-23 23:57:52+00:00
321_3,-9696634.830094954,1455843.1995570865,-9670259.46910661,1477486.6401552698,-87.10635272399996,12.965956947000052,-86.86941882499997,13.155353645000048,321,321,2018-10-07 23:57:35+00:00,2018-10-07 23:58:00+00:00
321_4,-9736125.71144489,1474956.1145878795,-9718789.79333763,1489181.7605809188,-87.46110534699994,13.13321711700007,-87.30537414499997,13.257634189000042,321,321,2017-12-11 23:57:28+00:00,2017-12-11 23:57:53+00:00
321_4,-9736125.71144489,1474956.1145878795,-9718789.79333763,1489181.7605809188,-87.46110534699994,13.13321711700007,-87.30537414499997,13.257634189000042,321,321,2017-12-23 23:57:27+00:00,2017-12-23 23:57:52+00:00
321_4,-9736125.71144489,1474956.1145878795,-9718789.79333763,1489181.7605809188,-87.46110534699994,13.13321711700007,-87.30537414499997,13.257634189000042,321,321,2018-10-07 23:57:35+00:00,2018-10-07 23:58:00+00:00
324_1,252503.6448893649,5337901.921440659,280020.97509290377,5365342.814471794,2.268278835000046,43.17012081200005,2.515471218000073,43.34963910300007,324,324,2018-10-16 06:00:51+00:00,2018-10-16 06:01:16+00:00
324_1,252503.6448893649,5337901.921440659,280020.97509290377,5365342.814471794,2.268278835000046,43.17012081200005,2.515471218000073,43.34963910300007,324,324,2018-07-13 05:51:48+00:00,2018-07-13 05:52:13+00:00
324_1,252503.6448893649,5337901.921440659,280020.97509290377,5365342.814471794,2.268278835000046,43.17012081200005,2.515471218000073,43.34963910300007,324,324,2018-08-30 05:51:50+00:00,2018-08-30 05:52:15+00:00
324_2,280019.0369092446,5327663.297708186,307612.80419586087,5355027.753923969,2.515453807000028,43.10300417500008,2.7633328360000746,43.28222007600005,324,324,2018-10-16 06:00:51+00:00,2018-10-16 06:01:16+00:00
324_2,280019.0369092446,5327663.297708186,307612.80419586087,5355027.753923969,2.515453807000028,43.10300417500008,2.7633328360000746,43.28222007600005,324,324,2018-07-13 05:51:48+00:00,2018-07-13 05:52:13+00:00
324_2,280019.0369092446,5327663.297708186,307612.80419586087,5355027.753923969,2.515453807000028,43.10300417500008,2.7633328360000746,43.28222007600005,324,324,2018-08-30 05:51:50+00:00,2018-08-30 05:52:15+00:00
324_3,307612.48370704445,5332832.416001046,335206.2509936544,5360196.87215173,2.7633299570000527,43.136898194000025,3.011208986000043,43.31601467800005,324,324,2018-10-16 06:00:51+00:00,2018-10-16 06:01:16+00:00
324_3,307612.48370704445,5332832.416001046,335206.2509936544,5360196.87215173,2.7633299570000527,43.136898194000025,3.011208986000043,43.31601467800005,324,324,2018-07-13 05:51:48+00:00,2018-07-13 05:52:13+00:00
324_3,307612.48370704445,5332832.416001046,335206.2509936544,5360196.87215173,2.7633299570000527,43.136898194000025,3.011208986000043,43.31601467800005,324,324,2018-08-30 05:51:50+00:00,2018-08-30 05:52:15+00:00
324_4,335202.6951151588,5332363.236840319,362834.68094331055,5359765.911482964,3.011177043000032,43.13382255100004,3.259399395000059,43.31319786600004,324,324,2018-10-16 06:00:51+00:00,2018-10-16 06:01:16+00:00
324_4,335202.6951151588,5332363.236840319,362834.68094331055,5359765.911482964,3.011177043000032,43.13382255100004,3.259399395000059,43.31319786600004,324,324,2018-07-13 05:51:48+00:00,2018-07-13 05:52:13+00:00
324_4,335202.6951151588,5332363.236840319,362834.68094331055,5359765.911482964,3.011177043000032,43.13382255100004,3.259399395000059,43.31319786600004,324,324,2018-08-30 05:51:50+00:00,2018-08-30 05:52:15+00:00
411,724211.6186831419,5368515.768850221,751805.3858584334,5395880.225061698,6.505703660000051,43.37036242500005,6.7535826880000505,43.54879242800007,411,411,2019-09-02 05:36:14+00:00,2019-09-02 05:36:39+00:00
411,724211.6186831419,5368515.768850221,751805.3858584334,5395880.225061698,6.505703660000051,43.37036242500005,6.7535826880000505,43.54879242800007,411,411,2019-10-20 05:36:16+00:00,2019-10-20 05:36:41+00:00
411,724211.6186831419,5368515.768850221,751805.3858584334,5395880.225061698,6.505703660000051,43.37036242500005,6.7535826880000505,43.54879242800007,411,411,2019-11-25 05:36:15+00:00,2019-11-25 05:36:40+00:00
417,-989036.1822918564,4869589.543432376,-921085.564530934,4907743.041131831,-8.884663190999957,40.02509401300005,-8.274252405999958,40.28704546000006,417,417,2019-08-13 06:42:50+00:00,2019-08-13 06:43:15+00:00
417,-989036.1822918564,4869589.543432376,-921085.564530934,4907743.041131831,-8.884663190999957,40.02509401300005,-8.274252405999958,40.28704546000006,417,417,2019-08-25 06:42:51+00:00,2019-08-25 06:43:16+00:00
417,-989036.1822918564,4869589.543432376,-921085.564530934,4907743.041131831,-8.884663190999957,40.02509401300005,-8.274252405999958,40.28704546000006,417,417,2019-12-23 06:42:51+00:00,2019-12-23 06:43:16+00:00
421,311423.87950596574,5256730.781997377,339628.1429175939,5284630.29733663,2.797568308000052,42.63600228900003,3.0509315170000377,42.820107249000046,421,421,2020-01-23 17:38:50+00:00,2020-01-23 17:39:15+00:00
421,311423.87950596574,5256730.781997377,339628.1429175939,5284630.29733663,2.797568308000052,42.63600228900003,3.0509315170000377,42.820107249000046,421,421,2019-06-03 17:38:16+00:00,2019-06-03 17:38:41+00:00
421,311423.87950596574,5256730.781997377,339628.1429175939,5284630.29733663,2.797568308000052,42.63600228900003,3.0509315170000377,42.820107249000046,421,421,2019-06-20 17:46:26+00:00,2019-06-20 17:46:51+00:00
427_1,1451773.7743694992,7950085.629395688,1595567.6734420315,8139112.613799457,13.041505706000066,57.91787615500003,14.333228279000023,58.808507489000085,427,427,2019-06-27 16:53:51+00:00,2019-06-27 16:54:16+00:00
427_1,1451773.7743694992,7950085.629395688,1595567.6734420315,8139112.613799457,13.041505706000066,57.91787615500003,14.333228279000023,58.808507489000085,427,427,2019-07-09 16:53:51+00:00,2019-07-09 16:54:16+00:00
427_1,1451773.7743694992,7950085.629395688,1595567.6734420315,8139112.613799457,13.041505706000066,57.91787615500003,14.333228279000023,58.808507489000085,427,427,2020-02-22 16:53:53+00:00,2020-02-22 16:54:18+00:00
427_2,1320919.0526720774,7860490.715949627,1423726.2016014396,8026551.781537953,11.866017741000062,57.48784547500003,12.789550073000044,58.28086687200005,427,427,2019-06-27 16:53:51+00:00,2019-06-27 16:54:16+00:00
427_2,1320919.0526720774,7860490.715949627,1423726.2016014396,8026551.781537953,11.866017741000062,57.48784547500003,12.789550073000044,58.28086687200005,427,427,2019-07-09 16:53:51+00:00,2019-07-09 16:54:16+00:00
427_2,1320919.0526720774,7860490.715949627,1423726.2016014396,8026551.781537953,11.866017741000062,57.48784547500003,12.789550073000044,58.28086687200005,427,427,2020-02-22 16:53:53+00:00,2020-02-22 16:54:18+00:00
437,-28024.81338684073,5443970.275915408,142.23157756078967,5471869.791352599,-0.251751181999964,43.86108760800005,0.0012776880000728,44.04152027500003,437,437,2020-03-14 06:08:16+00:00,2020-03-14 06:08:41+00:00
437,-28024.81338684073,5443970.275915408,142.23157756078967,5471869.791352599,-0.251751181999964,43.86108760800005,0.0012776880000728,44.04152027500003,437,437,2020-04-07 06:08:17+00:00,2020-04-07 06:08:42+00:00
437,-28024.81338684073,5443970.275915408,142.23157756078967,5471869.791352599,-0.251751181999964,43.86108760800005,0.0012776880000728,44.04152027500003,437,437,2020-05-13 06:08:18+00:00,2020-05-13 06:08:43+00:00
445,2906905.896585598,6097684.240947551,3031044.7362239603,6154514.506186528,26.11317996400004,47.94484700200007,27.22833813400007,48.28568251200005,445,445,2020-06-02 16:09:14+00:00,2020-06-02 16:09:39+00:00
445,2906905.896585598,6097684.240947551,3031044.7362239603,6154514.506186528,26.11317996400004,47.94484700200007,27.22833813400007,48.28568251200005,445,445,2020-06-14 16:09:15+00:00,2020-06-14 16:09:40+00:00
445,2906905.896585598,6097684.240947551,3031044.7362239603,6154514.506186528,26.11317996400004,47.94484700200007,27.22833813400007,48.28568251200005,445,445,2020-06-26 16:09:15+00:00,2020-06-26 16:09:40+00:00
470,23455.84681959328,1076507.222742728,111120.1365095821,1236788.6979816284,0.2107074570000691,9.624839688000064,0.9982091700000524,11.041282566000064,470,470,2020-04-29 18:10:48+00:00,2020-04-29 18:11:13+00:00
470,23455.84681959328,1076507.222742728,111120.1365095821,1236788.6979816284,0.2107074570000691,9.624839688000064,0.9982091700000524,11.041282566000064,470,470,2020-04-29 18:11:13+00:00,2020-04-29 18:11:38+00:00
470,23455.84681959328,1076507.222742728,111120.1365095821,1236788.6979816284,0.2107074570000691,9.624839688000064,0.9982091700000524,11.041282566000064,470,470,2020-05-11 18:10:49+00:00,2020-05-11 18:11:14+00:00
470,23455.84681959328,1076507.222742728,111120.1365095821,1236788.6979816284,0.2107074570000691,9.624839688000064,0.9982091700000524,11.041282566000064,470,470,2020-05-11 18:11:14+00:00,2020-05-11 18:11:39+00:00
470,23455.84681959328,1076507.222742728,111120.1365095821,1236788.6979816284,0.2107074570000691,9.624839688000064,0.9982091700000524,11.041282566000064,470,470,2020-10-14 18:10:56+00:00,2020-10-14 18:11:21+00:00
470,23455.84681959328,1076507.222742728,111120.1365095821,1236788.6979816284,0.2107074570000691,9.624839688000064,0.9982091700000524,11.041282566000064,470,470,2020-10-14 18:11:21+00:00,2020-10-14 18:11:46+00:00
492,-152221.8278118517,5381813.407460317,-48084.68036067475,5461673.571468501,-1.367431944999964,43.457135478000055,-0.4319520329999591,43.975642461000064,492,492,2020-07-18 06:09:10+00:00,2020-07-18 06:09:35+00:00
492,-152221.8278118517,5381813.407460317,-48084.68036067475,5461673.571468501,-1.367431944999964,43.457135478000055,-0.4319520329999591,43.975642461000064,492,492,2020-07-30 06:09:11+00:00,2020-07-30 06:09:36+00:00
492,-152221.8278118517,5381813.407460317,-48084.68036067475,5461673.571468501,-1.367431944999964,43.457135478000055,-0.4319520329999591,43.975642461000064,492,492,2021-01-02 06:09:11+00:00,2021-01-02 06:09:36+00:00
496,1420447.6761749403,5218758.149290432,1434381.6481570276,5235520.555726514,12.760098578000054,42.38454856900005,12.885269578000075,42.49567347100004,496,496,2020-06-25 05:11:44+00:00,2020-06-25 05:12:09+00:00
496,1420447.6761749403,5218758.149290432,1434381.6481570276,5235520.555726514,12.760098578000054,42.38454856900005,12.885269578000075,42.49567347100004,496,496,2021-01-15 05:11:46+00:00,2021-01-15 05:12:11+00:00
496,1420447.6761749403,5218758.149290432,1434381.6481570276,5235520.555726514,12.760098578000054,42.38454856900005,12.885269578000075,42.49567347100004,496,496,2021-01-27 05:11:46+00:00,2021-01-27 05:12:11+00:00
497,670871.1823718912,6622292.239553456,782277.8777373064,6779023.994229378,6.026538368000048,51.00564455300008,7.027321740000047,51.883144485000045,497,497,2021-01-10 05:49:32+00:00,2021-01-10 05:49:57+00:00
497,670871.1823718912,6622292.239553456,782277.8777373064,6779023.994229378,6.026538368000048,51.00564455300008,7.027321740000047,51.883144485000045,497,497,2021-01-10 05:49:57+00:00,2021-01-10 05:50:22+00:00
497,670871.1823718912,6622292.239553456,782277.8777373064,6779023.994229378,6.026538368000048,51.00564455300008,7.027321740000047,51.883144485000045,497,497,2021-01-22 05:49:31+00:00,2021-01-22 05:49:56+00:00
497,670871.1823718912,6622292.239553456,782277.8777373064,6779023.994229378,6.026538368000048,51.00564455300008,7.027321740000047,51.883144485000045,497,497,2021-01-22 05:49:56+00:00,2021-01-22 05:50:21+00:00
497,670871.1823718912,6622292.239553456,782277.8777373064,6779023.994229378,6.026538368000048,51.00564455300008,7.027321740000047,51.883144485000045,497,497,2021-02-03 05:49:31+00:00,2021-02-03 05:49:56+00:00
497,670871.1823718912,6622292.239553456,782277.8777373064,6779023.994229378,6.026538368000048,51.00564455300008,7.027321740000047,51.883144485000045,497,497,2021-02-03 05:49:56+00:00,2021-02-03 05:50:21+00:00
498,179378.24030005807,5602616.756016555,247661.30114112803,5648906.435413984,1.6113821490000644,44.879790402000026,2.224779321000028,45.17368646300008,498,498,2021-02-02 06:00:35+00:00,2021-02-02 06:01:00+00:00
498,179378.24030005807,5602616.756016555,247661.30114112803,5648906.435413984,1.6113821490000644,44.879790402000026,2.224779321000028,45.17368646300008,498,498,2021-01-15 05:59:40+00:00,2021-01-15 06:00:05+00:00
498,179378.24030005807,5602616.756016555,247661.30114112803,5648906.435413984,1.6113821490000644,44.879790402000026,2.224779321000028,45.17368646300008,498,498,2021-01-27 05:59:40+00:00,2021-01-27 06:00:05+00:00
502_1,-884026.7280750575,6848603.187266695,-833802.8689271865,6881376.431888948,-7.941347213999962,52.26730776000004,-7.490178610999976,52.44711263600004,502,502,2021-01-30 18:22:29+00:00,2021-01-30 18:22:58+00:00
502_1,-884026.7280750575,6848603.187266695,-833802.8689271865,6881376.431888948,-7.941347213999962,52.26730776000004,-7.490178610999976,52.44711263600004,502,502,2021-01-30 18:22:58+00:00,2021-01-30 18:23:23+00:00
502_1,-884026.7280750575,6848603.187266695,-833802.8689271865,6881376.431888948,-7.941347213999962,52.26730776000004,-7.490178610999976,52.44711263600004,502,502,2021-02-11 18:22:29+00:00,2021-02-11 18:22:58+00:00
502_1,-884026.7280750575,6848603.187266695,-833802.8689271865,6881376.431888948,-7.941347213999962,52.26730776000004,-7.490178610999976,52.44711263600004,502,502,2021-02-11 18:22:58+00:00,2021-02-11 18:23:23+00:00
502_1,-884026.7280750575,6848603.187266695,-833802.8689271865,6881376.431888948,-7.941347213999962,52.26730776000004,-7.490178610999976,52.44711263600004,502,502,2021-02-23 18:22:28+00:00,2021-02-23 18:22:57+00:00
502_1,-884026.7280750575,6848603.187266695,-833802.8689271865,6881376.431888948,-7.941347213999962,52.26730776000004,-7.490178610999976,52.44711263600004,502,502,2021-02-23 18:22:57+00:00,2021-02-23 18:23:22+00:00
502_2,-980171.7791799712,6815427.763115699,-946929.9107314493,6833734.640915654,-8.805032902999926,52.08455067900007,-8.50641611799995,52.18549262400006,502,502,2021-01-30 18:22:29+00:00,2021-01-30 18:22:58+00:00
502_2,-980171.7791799712,6815427.763115699,-946929.9107314493,6833734.640915654,-8.805032902999926,52.08455067900007,-8.50641611799995,52.18549262400006,502,502,2021-01-30 18:22:58+00:00,2021-01-30 18:23:23+00:00
502_2,-980171.7791799712,6815427.763115699,-946929.9107314493,6833734.640915654,-8.805032902999926,52.08455067900007,-8.50641611799995,52.18549262400006,502,502,2021-02-11 18:22:29+00:00,2021-02-11 18:22:58+00:00
502_2,-980171.7791799712,6815427.763115699,-946929.9107314493,6833734.640915654,-8.805032902999926,52.08455067900007,-8.50641611799995,52.18549262400006,502,502,2021-02-11 18:22:58+00:00,2021-02-11 18:23:23+00:00
502_2,-980171.7791799712,6815427.763115699,-946929.9107314493,6833734.640915654,-8.805032902999926,52.08455067900007,-8.50641611799995,52.18549262400006,502,502,2021-02-23 18:22:28+00:00,2021-02-23 18:22:57+00:00
502_2,-980171.7791799712,6815427.763115699,-946929.9107314493,6833734.640915654,-8.805032902999926,52.08455067900007,-8.50641611799995,52.18549262400006,502,502,2021-02-23 18:22:57+00:00,2021-02-23 18:23:22+00:00
502_3,-944366.9912969226,6815445.033563921,-898034.0883220044,6835281.655121926,-8.483393020999927,52.08464601400004,-8.067177471999967,52.19401219700007,502,502,2021-01-30 18:22:29+00:00,2021-01-30 18:22:58+00:00
502_3,-944366.9912969226,6815445.033563921,-898034.0883220044,6835281.655121926,-8.483393020999927,52.08464601400004,-8.067177471999967,52.19401219700007,502,502,2021-01-30 18:22:58+00:00,2021-01-30 18:23:23+00:00
502_3,-944366.9912969226,6815445.033563921,-898034.0883220044,6835281.655121926,-8.483393020999927,52.08464601400004,-8.067177471999967,52.19401219700007,502,502,2021-02-11 18:22:29+00:00,2021-02-11 18:22:58+00:00
502_3,-944366.9912969226,6815445.033563921,-898034.0883220044,6835281.655121926,-8.483393020999927,52.08464601400004,-8.067177471999967,52.19401219700007,502,502,2021-02-11 18:22:58+00:00,2021-02-11 18:23:23+00:00
502_3,-944366.9912969226,6815445.033563921,-898034.0883220044,6835281.655121926,-8.483393020999927,52.08464601400004,-8.067177471999967,52.19401219700007,502,502,2021-02-23 18:22:28+00:00,2021-02-23 18:22:57+00:00
502_3,-944366.9912969226,6815445.033563921,-898034.0883220044,6835281.655121926,-8.483393020999927,52.08464601400004,-8.067177471999967,52.19401219700007,502,502,2021-02-23 18:22:57+00:00,2021-02-23 18:23:22+00:00
502_4,-1075602.9851446182,6802836.266179386,-1040219.2335131952,6818840.024655333,-9.66230601199993,52.01498985400007,-9.344448362999968,52.10338282800007,502,502,2021-01-30 18:22:29+00:00,2021-01-30 18:22:58+00:00
502_4,-1075602.9851446182,6802836.266179386,-1040219.2335131952,6818840.024655333,-9.66230601199993,52.01498985400007,-9.344448362999968,52.10338282800007,502,502,2021-01-30 18:22:58+00:00,2021-01-30 18:23:23+00:00
502_4,-1075602.9851446182,6802836.266179386,-1040219.2335131952,6818840.024655333,-9.66230601199993,52.01498985400007,-9.344448362999968,52.10338282800007,502,502,2021-02-11 18:22:29+00:00,2021-02-11 18:22:58+00:00
502_4,-1075602.9851446182,6802836.266179386,-1040219.2335131952,6818840.024655333,-9.66230601199993,52.01498985400007,-9.344448362999968,52.10338282800007,502,502,2021-02-11 18:22:58+00:00,2021-02-11 18:23:23+00:00
502_4,-1075602.9851446182,6802836.266179386,-1040219.2335131952,6818840.024655333,-9.66230601199993,52.01498985400007,-9.344448362999968,52.10338282800007,502,502,2021-02-23 18:22:28+00:00,2021-02-23 18:22:57+00:00
502_4,-1075602.9851446182,6802836.266179386,-1040219.2335131952,6818840.024655333,-9.66230601199993,52.01498985400007,-9.344448362999968,52.10338282800007,502,502,2021-02-23 18:22:57+00:00,2021-02-23 18:23:22+00:00
502_5,-1020724.5259093211,6761874.64991737,-913842.116807144,6800600.15351552,-9.169324424999957,51.78795064400004,-8.209183407999944,52.00262528500007,502,502,2021-01-30 18:22:29+00:00,2021-01-30 18:22:58+00:00
502_5,-1020724.5259093211,6761874.64991737,-913842.116807144,6800600.15351552,-9.169324424999957,51.78795064400004,-8.209183407999944,52.00262528500007,502,502,2021-01-30 18:22:58+00:00,2021-01-30 18:23:23+00:00
502_5,-1020724.5259093211,6761874.64991737,-913842.116807144,6800600.15351552,-9.169324424999957,51.78795064400004,-8.209183407999944,52.00262528500007,502,502,2021-02-11 18:22:29+00:00,2021-02-11 18:22:58+00:00
502_5,-1020724.5259093211,6761874.64991737,-913842.116807144,6800600.15351552,-9.169324424999957,51.78795064400004,-8.209183407999944,52.00262528500007,502,502,2021-02-11 18:22:58+00:00,2021-02-11 18:23:23+00:00
502_5,-1020724.5259093211,6761874.64991737,-913842.116807144,6800600.15351552,-9.169324424999957,51.78795064400004,-8.209183407999944,52.00262528500007,502,502,2021-02-23 18:22:28+00:00,2021-02-23 18:22:57+00:00
502_5,-1020724.5259093211,6761874.64991737,-913842.116807144,6800600.15351552,-9.169324424999957,51.78795064400004,-8.209183407999944,52.00262528500007,502,502,2021-02-23 18:22:57+00:00,2021-02-23 18:23:22+00:00
502_6,-983710.262111518,6744654.071048709,-961819.5649947716,6763619.181746621,-8.836819635999971,51.69215881000008,-8.640172157999928,51.79764351500006,502,502,2021-01-30 18:22:29+00:00,2021-01-30 18:22:58+00:00
502_6,-983710.262111518,6744654.071048709,-961819.5649947716,6763619.181746621,-8.836819635999971,51.69215881000008,-8.640172157999928,51.79764351500006,502,502,2021-01-30 18:22:58+00:00,2021-01-30 18:23:23+00:00
502_6,-983710.262111518,6744654.071048709,-961819.5649947716,6763619.181746621,-8.836819635999971,51.69215881000008,-8.640172157999928,51.79764351500006,502,502,2021-02-11 18:22:29+00:00,2021-02-11 18:22:58+00:00
502_6,-983710.262111518,6744654.071048709,-961819.5649947716,6763619.181746621,-8.836819635999971,51.69215881000008,-8.640172157999928,51.79764351500006,502,502,2021-02-11 18:22:58+00:00,2021-02-11 18:23:23+00:00
502_6,-983710.262111518,6744654.071048709,-961819.5649947716,6763619.181746621,-8.836819635999971,51.69215881000008,-8.640172157999928,51.79764351500006,502,502,2021-02-23 18:22:28+00:00,2021-02-23 18:22:57+00:00
502_6,-983710.262111518,6744654.071048709,-961819.5649947716,6763619.181746621,-8.836819635999971,51.69215881000008,-8.640172157999928,51.79764351500006,502,502,2021-02-23 18:22:57+00:00,2021-02-23 18:23:22+00:00
518_1,612950.4760009665,6526386.519151241,683205.3382032248,6649137.72812865,5.506227810000041,50.46035659100006,6.137337975000036,51.15714307900004,518,518,2021-05-16 05:50:23+00:00,2021-05-16 05:50:48+00:00
518_1,612950.4760009665,6526386.519151241,683205.3382032248,6649137.72812865,5.506227810000041,50.46035659100006,6.137337975000036,51.15714307900004,518,518,2021-05-16 05:50:48+00:00,2021-05-16 05:51:13+00:00
518_1,612950.4760009665,6526386.519151241,683205.3382032248,6649137.72812865,5.506227810000041,50.46035659100006,6.137337975000036,51.15714307900004,518,518,2021-05-28 05:50:24+00:00,2021-05-28 05:50:49+00:00
518_1,612950.4760009665,6526386.519151241,683205.3382032248,6649137.72812865,5.506227810000041,50.46035659100006,6.137337975000036,51.15714307900004,518,518,2021-05-28 05:50:49+00:00,2021-05-28 05:51:14+00:00
518_1,612950.4760009665,6526386.519151241,683205.3382032248,6649137.72812865,5.506227810000041,50.46035659100006,6.137337975000036,51.15714307900004,518,518,2021-07-15 05:50:27+00:00,2021-07-15 05:50:52+00:00
518_1,612950.4760009665,6526386.519151241,683205.3382032248,6649137.72812865,5.506227810000041,50.46035659100006,6.137337975000036,51.15714307900004,518,518,2021-07-15 05:50:52+00:00,2021-07-15 05:51:17+00:00
518_2,552911.0236467025,6452037.015833068,644234.7649324951,6524917.979770728,4.96688423300003,50.03325500900006,5.787259359000074,50.45195758800003,518,518,2021-05-16 05:50:23+00:00,2021-05-16 05:50:48+00:00
518_2,552911.0236467025,6452037.015833068,644234.7649324951,6524917.979770728,4.96688423300003,50.03325500900006,5.787259359000074,50.45195758800003,518,518,2021-05-16 05:50:48+00:00,2021-05-16 05:51:13+00:00
518_2,552911.0236467025,6452037.015833068,644234.7649324951,6524917.979770728,4.96688423300003,50.03325500900006,5.787259359000074,50.45195758800003,518,518,2021-05-28 05:50:24+00:00,2021-05-28 05:50:49+00:00
518_2,552911.0236467025,6452037.015833068,644234.7649324951,6524917.979770728,4.96688423300003,50.03325500900006,5.787259359000074,50.45195758800003,518,518,2021-05-28 05:50:49+00:00,2021-05-28 05:51:14+00:00
518_2,552911.0236467025,6452037.015833068,644234.7649324951,6524917.979770728,4.96688423300003,50.03325500900006,5.787259359000074,50.45195758800003,518,518,2021-07-15 05:50:27+00:00,2021-07-15 05:50:52+00:00
518_2,552911.0236467025,6452037.015833068,644234.7649324951,6524917.979770728,4.96688423300003,50.03325500900006,5.787259359000074,50.45195758800003,518,518,2021-07-15 05:50:52+00:00,2021-07-15 05:51:17+00:00
520,647117.3732391485,6642191.134735289,688411.6908977387,6701853.334945218,5.813154270000041,51.11798858600008,6.184107437000023,51.45319351600005,520,520,2020-10-01 05:41:24+00:00,2020-10-01 05:41:49+00:00
520,647117.3732391485,6642191.134735289,688411.6908977387,6701853.334945218,5.813154270000041,51.11798858600008,6.184107437000023,51.45319351600005,520,520,2020-10-01 05:41:49+00:00,2020-10-01 05:42:14+00:00
520,647117.3732391485,6642191.134735289,688411.6908977387,6701853.334945218,5.813154270000041,51.11798858600008,6.184107437000023,51.45319351600005,520,520,2021-06-10 05:41:25+00:00,2021-06-10 05:41:50+00:00
520,647117.3732391485,6642191.134735289,688411.6908977387,6701853.334945218,5.813154270000041,51.11798858600008,6.184107437000023,51.45319351600005,520,520,2021-06-10 05:41:50+00:00,2021-06-10 05:42:15+00:00
520,647117.3732391485,6642191.134735289,688411.6908977387,6701853.334945218,5.813154270000041,51.11798858600008,6.184107437000023,51.45319351600005,520,520,2021-07-16 05:41:27+00:00,2021-07-16 05:41:52+00:00
520,647117.3732391485,6642191.134735289,688411.6908977387,6701853.334945218,5.813154270000041,51.11798858600008,6.184107437000023,51.45319351600005,520,520,2021-07-16 05:41:52+00:00,2021-07-16 05:42:17+00:00
554,16806431.290766373,-3311837.8693457865,16843044.605246753,-3296321.0832793475,150.97474100000008,-28.49745799999993,151.30364400000008,-28.374885999999947,554,554,2021-10-13 19:21:48+00:00,2021-10-13 19:22:11+00:00
554,16806431.290766373,-3311837.8693457865,16843044.605246753,-3296321.0832793475,150.97474100000008,-28.49745799999993,151.30364400000008,-28.374885999999947,554,554,2021-10-25 19:21:48+00:00,2021-10-25 19:22:11+00:00
554,16806431.290766373,-3311837.8693457865,16843044.605246753,-3296321.0832793475,150.97474100000008,-28.49745799999993,151.30364400000008,-28.374885999999947,554,554,2021-11-30 19:21:47+00:00,2021-11-30 19:22:10+00:00
555,-340425.45763844193,5058030.18886227,-42350.44351636883,5364904.569926182,-3.0580939169999506,41.309024980000046,-0.3804405069999461,43.34677626700005,555,555,2021-12-10 18:03:12+00:00,2021-12-10 18:03:37+00:00
555,-340425.45763844193,5058030.18886227,-42350.44351636883,5364904.569926182,-3.0580939169999506,41.309024980000046,-0.3804405069999461,43.34677626700005,555,555,2021-12-10 18:03:37+00:00,2021-12-10 18:04:02+00:00
555,-340425.45763844193,5058030.18886227,-42350.44351636883,5364904.569926182,-3.0580939169999506,41.309024980000046,-0.3804405069999461,43.34677626700005,555,555,2021-12-10 18:04:02+00:00,2021-12-10 18:04:27+00:00
555,-340425.45763844193,5058030.18886227,-42350.44351636883,5364904.569926182,-3.0580939169999506,41.309024980000046,-0.3804405069999461,43.34677626700005,555,555,2021-08-18 18:02:46+00:00,2021-08-18 18:03:11+00:00
555,-340425.45763844193,5058030.18886227,-42350.44351636883,5364904.569926182,-3.0580939169999506,41.309024980000046,-0.3804405069999461,43.34677626700005,555,555,2021-08-18 18:03:11+00:00,2021-08-18 18:03:36+00:00
555,-340425.45763844193,5058030.18886227,-42350.44351636883,5364904.569926182,-3.0580939169999506,41.309024980000046,-0.3804405069999461,43.34677626700005,555,555,2021-08-30 18:02:47+00:00,2021-08-30 18:03:12+00:00
555,-340425.45763844193,5058030.18886227,-42350.44351636883,5364904.569926182,-3.0580939169999506,41.309024980000046,-0.3804405069999461,43.34677626700005,555,555,2021-08-30 18:03:12+00:00,2021-08-30 18:03:37+00:00
559,5362100.86731544,-2157681.695361101,5374879.465991134,-2139032.3881380963,48.16857164100002,-19.02332030299993,48.28336374600007,-18.864864892999947,559,559,2020-08-05 02:19:29+00:00,2020-08-05 02:19:54+00:00
559,5362100.86731544,-2157681.695361101,5374879.465991134,-2139032.3881380963,48.16857164100002,-19.02332030299993,48.28336374600007,-18.864864892999947,559,559,2020-08-17 02:19:29+00:00,2020-08-17 02:19:54+00:00
559,5362100.86731544,-2157681.695361101,5374879.465991134,-2139032.3881380963,48.16857164100002,-19.02332030299993,48.28336374600007,-18.864864892999947,559,559,2022-01-27 02:19:34+00:00,2022-01-27 02:19:59+00:00
561,3862890.653142118,-1825226.4298884985,3888352.2551034144,-1795430.8419343664,34.70093714600005,-16.176973730999975,34.92966260800006,-15.919746653999931,561,561,2021-08-23 03:16:10+00:00,2021-08-23 03:16:35+00:00
561,3862890.653142118,-1825226.4298884985,3888352.2551034144,-1795430.8419343664,34.70093714600005,-16.176973730999975,34.92966260800006,-15.919746653999931,561,561,2021-08-23 03:16:35+00:00,2021-08-23 03:17:00+00:00
561,3862890.653142118,-1825226.4298884985,3888352.2551034144,-1795430.8419343664,34.70093714600005,-16.176973730999975,34.92966260800006,-15.919746653999931,561,561,2021-09-04 03:16:11+00:00,2021-09-04 03:16:36+00:00
561,3862890.653142118,-1825226.4298884985,3888352.2551034144,-1795430.8419343664,34.70093714600005,-16.176973730999975,34.92966260800006,-15.919746653999931,561,561,2021-09-04 03:16:36+00:00,2021-09-04 03:17:01+00:00
561,3862890.653142118,-1825226.4298884985,3888352.2551034144,-1795430.8419343664,34.70093714600005,-16.176973730999975,34.92966260800006,-15.919746653999931,561,561,2022-01-26 03:16:09+00:00,2022-01-26 03:16:34+00:00
561,3862890.653142118,-1825226.4298884985,3888352.2551034144,-1795430.8419343664,34.70093714600005,-16.176973730999975,34.92966260800006,-15.919746653999931,561,561,2022-01-26 03:16:34+00:00,2022-01-26 03:16:59+00:00
562,15518039.93879867,-2010342.937344949,15543065.850187931,-1995867.004425033,139.40092456600007,-17.767416660999963,139.62573615300002,-17.64353682999996,562,562,2021-08-07 20:17:03+00:00,2021-08-07 20:17:28+00:00
562,15518039.93879867,-2010342.937344949,15543065.850187931,-1995867.004425033,139.40092456600007,-17.767416660999963,139.62573615300002,-17.64353682999996,562,562,2021-08-19 20:17:04+00:00,2021-08-19 20:17:29+00:00
562,15518039.93879867,-2010342.937344949,15543065.850187931,-1995867.004425033,139.40092456600007,-17.767416660999963,139.62573615300002,-17.64353682999996,562,562,2022-02-03 20:17:02+00:00,2022-02-03 20:17:27+00:00
567_1,17019298.101428982,-3466982.606280589,17051043.718813132,-3433417.5479390067,152.88695609500007,-29.71511314799993,153.172131828,-29.45290180999996,567,567,2021-08-22 19:06:38+00:00,2021-08-22 19:07:03+00:00
567_1,17019298.101428982,-3466982.606280589,17051043.718813132,-3433417.5479390067,152.88695609500007,-29.71511314799993,153.172131828,-29.45290180999996,567,567,2021-09-03 19:06:38+00:00,2021-09-03 19:07:03+00:00
567_1,17019298.101428982,-3466982.606280589,17051043.718813132,-3433417.5479390067,152.88695609500007,-29.71511314799993,153.172131828,-29.45290180999996,567,567,2021-09-08 19:15:38+00:00,2021-09-08 19:16:03+00:00
567_1,17019298.101428982,-3466982.606280589,17051043.718813132,-3433417.5479390067,152.88695609500007,-29.71511314799993,153.172131828,-29.45290180999996,567,567,2021-09-20 19:15:38+00:00,2021-09-20 19:16:03+00:00
567_1,17019298.101428982,-3466982.606280589,17051043.718813132,-3433417.5479390067,152.88695609500007,-29.71511314799993,153.172131828,-29.45290180999996,567,567,2022-03-02 19:06:35+00:00,2022-03-02 19:07:00+00:00
567_1,17019298.101428982,-3466982.606280589,17051043.718813132,-3433417.5479390067,152.88695609500007,-29.71511314799993,153.172131828,-29.45290180999996,567,567,2022-03-07 19:15:35+00:00,2022-03-07 19:16:00+00:00
567_2,16818845.116955392,-3844724.3579692594,16833903.209074188,-3831622.071818757,151.08625629800008,-32.61811673399996,151.221525441,-32.51892541999996,567,567,2021-08-22 19:06:38+00:00,2021-08-22 19:07:03+00:00
567_2,16818845.116955392,-3844724.3579692594,16833903.209074188,-3831622.071818757,151.08625629800008,-32.61811673399996,151.221525441,-32.51892541999996,567,567,2021-09-03 19:06:38+00:00,2021-09-03 19:07:03+00:00
567_2,16818845.116955392,-3844724.3579692594,16833903.209074188,-3831622.071818757,151.08625629800008,-32.61811673399996,151.221525441,-32.51892541999996,567,567,2021-09-08 19:15:38+00:00,2021-09-08 19:16:03+00:00
567_2,16818845.116955392,-3844724.3579692594,16833903.209074188,-3831622.071818757,151.08625629800008,-32.61811673399996,151.221525441,-32.51892541999996,567,567,2021-09-20 19:15:38+00:00,2021-09-20 19:16:03+00:00
567_2,16818845.116955392,-3844724.3579692594,16833903.209074188,-3831622.071818757,151.08625629800008,-32.61811673399996,151.221525441,-32.51892541999996,567,567,2022-03-02 19:06:35+00:00,2022-03-02 19:07:00+00:00
567_2,16818845.116955392,-3844724.3579692594,16833903.209074188,-3831622.071818757,151.08625629800008,-32.61811673399996,151.221525441,-32.51892541999996,567,567,2022-03-07 19:15:35+00:00,2022-03-07 19:16:00+00:00
